fecha,anio,mes_num,mes_nombre,monto_millones_usd
2002-01-01,2002,1,Enero,83.155736
2002-02-01,2002,2,Febrero,96.65938992
2002-03-01,2002,3,Marzo,109.03373626000001
2002-04-01,2002,4,Abril,139.21199062
2002-05-01,2002,5,Mayo,89.75173543000001
2002-06-01,2002,6,Junio,127.97632202
2002-07-01,2002,7,Julio,136.5253673
2002-08-01,2002,8,Agosto,162.30789909
2002-09-01,2002,9,Septiembre,157.33877349000002
2002-10-01,2002,10,Octubre,176.26081158000002
2002-11-01,2002,11,Noviembre,142.97583383
2002-12-01,2002,12,Diciembre,158.19428127
2003-01-01,2003,1,Enero,164.75655235
2003-02-01,2003,2,Febrero,144.74341415
2003-03-01,2003,3,Marzo,160.77810742
2003-04-01,2003,4,Abril,181.08733105000002
2003-05-01,2003,5,Mayo,187.37633512
2003-06-01,2003,6,Junio,161.49457098
2003-07-01,2003,7,Julio,191.95433002000001
2003-08-01,2003,8,Agosto,178.913196
2003-09-01,2003,9,Septiembre,176.55096655
2003-10-01,2003,10,Octubre,189.88092104
2003-11-01,2003,11,Noviembre,173.37562742
2003-12-01,2003,12,Diciembre,195.59340134
2004-01-01,2004,1,Enero,194.74401661000002
2004-02-01,2004,2,Febrero,183.7388576
2004-03-01,2004,3,Marzo,227.89544652
2004-04-01,2004,4,Abril,204.01319284000002
2004-05-01,2004,5,Mayo,210.78039094
2004-06-01,2004,6,Junio,212.12976728
2004-07-01,2004,7,Julio,206.61292897
2004-08-01,2004,8,Agosto,212.78174091999998
2004-09-01,2004,9,Septiembre,211.77724897
2004-10-01,2004,10,Octubre,218.02659243
2004-11-01,2004,11,Noviembre,236.70771818
2004-12-01,2004,12,Diciembre,231.41520595
2005-01-01,2005,1,Enero,209.45040339
2005-02-01,2005,2,Febrero,203.78703772999998
2005-03-01,2005,3,Marzo,246.46605835
2005-04-01,2005,4,Abril,253.08694444999998
2005-05-01,2005,5,Mayo,274.28123586000004
2005-06-01,2005,6,Junio,261.104397
2005-07-01,2005,7,Julio,245.80724609
2005-08-01,2005,8,Agosto,241.92393525
2005-09-01,2005,9,Septiembre,241.58354473
2005-10-01,2005,10,Octubre,278.1504812
2005-11-01,2005,11,Noviembre,265.60739887
2005-12-01,2005,12,Diciembre,271.57401395
2006-01-01,2006,1,Enero,248.90390329
2006-02-01,2006,2,Febrero,254.79453621000002
2006-03-01,2006,3,Marzo,288.96624070999997
2006-04-01,2006,4,Abril,284.44017464
2006-05-01,2006,5,Mayo,361.39108129000005
2006-06-01,2006,6,Junio,310.0966198
2006-07-01,2006,7,Julio,302.88490801999995
2006-08-01,2006,8,Agosto,332.94213971
2006-09-01,2006,9,Septiembre,293.00504495999996
2006-10-01,2006,10,Octubre,338.40660967
2006-11-01,2006,11,Noviembre,294.65141506
2006-12-01,2006,12,Diciembre,299.33057250999997
2007-01-01,2007,1,Enero,287.1009181
2007-02-01,2007,2,Febrero,271.94409605
2007-03-01,2007,3,Marzo,327.63921877999996
2007-04-01,2007,4,Abril,333.62505072000005
2007-05-01,2007,5,Mayo,392.93645908999997
2007-06-01,2007,6,Junio,356.47311421
2007-07-01,2007,7,Julio,381.15177854
2007-08-01,2007,8,Agosto,381.41067864999997
2007-09-01,2007,9,Septiembre,326.75122770999997
2007-10-01,2007,10,Octubre,391.16988283
2007-11-01,2007,11,Noviembre,340.79760367
2007-12-01,2007,12,Diciembre,337.40758894
2008-01-01,2008,1,Enero,314.60669801
2008-02-01,2008,2,Febrero,318.30697029000004
2008-03-01,2008,3,Marzo,340.45948138
2008-04-01,2008,4,Abril,385.2524367
2008-05-01,2008,5,Mayo,397.98287938
2008-06-01,2008,6,Junio,384.33178595
2008-07-01,2008,7,Julio,409.66713542
2008-08-01,2008,8,Agosto,373.53623497
2008-09-01,2008,9,Septiembre,371.835978
2008-10-01,2008,10,Octubre,367.72773959
2008-11-01,2008,11,Noviembre,311.68539059
2008-12-01,2008,12,Diciembre,339.33788537
2009-01-01,2009,1,Enero,290.24034415
2009-02-01,2009,2,Febrero,281.95138419
2009-03-01,2009,3,Marzo,344.14557745999997
2009-04-01,2009,4,Abril,339.68730909
2009-05-01,2009,5,Mayo,332.60333335
2009-06-01,2009,6,Junio,348.57779808
2009-07-01,2009,7,Julio,365.55103039
2009-08-01,2009,8,Agosto,337.44940736
2009-09-01,2009,9,Septiembre,332.10366996
2009-10-01,2009,10,Octubre,327.52311436
2009-11-01,2009,11,Noviembre,287.92833854
2009-12-01,2009,12,Diciembre,324.52545911000004
2010-01-01,2010,1,Enero,246.12931479
2010-02-01,2010,2,Febrero,274.51270028
2010-03-01,2010,3,Marzo,369.95328435000005
2010-04-01,2010,4,Abril,344.40891494
2010-05-01,2010,5,Mayo,357.01719761000004
2010-06-01,2010,6,Junio,394.28971469
2010-07-01,2010,7,Julio,384.6124196
2010-08-01,2010,8,Agosto,377.35828583
2010-09-01,2010,9,Septiembre,359.31046483999995
2010-10-01,2010,10,Octubre,339.37406288
2010-11-01,2010,11,Noviembre,331.38460315
2010-12-01,2010,12,Diciembre,348.43310357999997
2011-01-01,2011,1,Enero,283.34813373000003
2011-02-01,2011,2,Febrero,304.62123577
2011-03-01,2011,3,Marzo,384.12037402
2011-04-01,2011,4,Abril,371.28660344
2011-05-01,2011,5,Mayo,415.32470837
2011-06-01,2011,6,Junio,416.38844797
2011-07-01,2011,7,Julio,349.82945241000004
2011-08-01,2011,8,Agosto,409.55840635000004
2011-09-01,2011,9,Septiembre,364.78267445999995
2011-10-01,2011,10,Octubre,356.8046037
2011-11-01,2011,11,Noviembre,343.49922623000003
2011-12-01,2011,12,Diciembre,378.4680938
2012-01-01,2012,1,Enero,305.09051205000003
2012-02-01,2012,2,Febrero,350.38738663
2012-03-01,2012,3,Marzo,402.12756547000004
2012-04-01,2012,4,Abril,418.96811091
2012-05-01,2012,5,Mayo,451.55801225
2012-06-01,2012,6,Junio,432.67484698000004
2012-07-01,2012,7,Julio,422.08883422
2012-08-01,2012,8,Agosto,441.40116588
2012-09-01,2012,9,Septiembre,365.79779594999997
2012-10-01,2012,10,Octubre,415.44652346
2012-11-01,2012,11,Noviembre,367.95544125
2012-12-01,2012,12,Diciembre,409.23248718
2013-01-01,2013,1,Enero,357.87216645
2013-02-01,2013,2,Febrero,351.16908054000004
2013-03-01,2013,3,Marzo,424.05323337
2013-04-01,2013,4,Abril,451.24121983
2013-05-01,2013,5,Mayo,476.9903166
2013-06-01,2013,6,Junio,417.19505493
2013-07-01,2013,7,Julio,445.75842481
2013-08-01,2013,8,Agosto,456.3387284
2013-09-01,2013,9,Septiembre,420.68434059
2013-10-01,2013,10,Octubre,480.04429443
2013-11-01,2013,11,Noviembre,376.5892308
2013-12-01,2013,12,Diciembre,447.25288475
2014-01-01,2014,1,Enero,394.19308654
2014-02-01,2014,2,Febrero,383.93966138
2014-03-01,2014,3,Marzo,459.22911676
2014-04-01,2014,4,Abril,490.68317756
2014-05-01,2014,5,Mayo,494.05875022000004
2014-06-01,2014,6,Junio,481.85713810000004
2014-07-01,2014,7,Julio,509.73009506
2014-08-01,2014,8,Agosto,476.79276972
2014-09-01,2014,9,Septiembre,458.77631259
2014-10-01,2014,10,Octubre,500.5330519
2014-11-01,2014,11,Noviembre,398.28316495999997
2014-12-01,2014,12,Diciembre,496.02124641
2015-01-01,2015,1,Enero,407.43394218000003
2015-02-01,2015,2,Febrero,431.97986052
2015-03-01,2015,3,Marzo,556.47649176
2015-04-01,2015,4,Abril,503.84890321
2015-05-01,2015,5,Mayo,518.95284523
2015-06-01,2015,6,Junio,536.30269231
2015-07-01,2015,7,Julio,573.71450826
2015-08-01,2015,8,Agosto,527.34013216
2015-09-01,2015,9,Septiembre,538.35309163
2015-10-01,2015,10,Octubre,583.76365221
2015-11-01,2015,11,Noviembre,508.66471037
2015-12-01,2015,12,Diciembre,598.14698714
2016-01-01,2016,1,Enero,481.96138210000004
2016-02-01,2016,2,Febrero,558.0378680800001
2016-03-01,2016,3,Marzo,622.98551834
2016-04-01,2016,4,Abril,609.31180404
2016-05-01,2016,5,Mayo,625.30036114
2016-06-01,2016,6,Junio,614.6618583200001
2016-07-01,2016,7,Julio,536.12473449
2016-08-01,2016,8,Agosto,619.2254035599999
2016-09-01,2016,9,Septiembre,607.66522529
2016-10-01,2016,10,Octubre,605.94038514
2016-11-01,2016,11,Noviembre,600.3411633
2016-12-01,2016,12,Diciembre,678.4118582799999
2017-01-01,2017,1,Enero,587.63411648
2017-02-01,2017,2,Febrero,613.90153212
2017-03-01,2017,3,Marzo,739.81695575
2017-04-01,2017,4,Abril,639.8812073099999
2017-05-01,2017,5,Mayo,747.4258860599999
2017-06-01,2017,6,Junio,723.70577759
2017-07-01,2017,7,Julio,664.18752864
2017-08-01,2017,8,Agosto,707.84162728
2017-09-01,2017,9,Septiembre,672.93940694
2017-10-01,2017,10,Octubre,728.27302051
2017-11-01,2017,11,Noviembre,646.30107204
2017-12-01,2017,12,Diciembre,720.30493932
2018-01-01,2018,1,Enero,634.58183617
2018-02-01,2018,2,Febrero,630.10269822
2018-03-01,2018,3,Marzo,754.48514716
2018-04-01,2018,4,Abril,769.94735615
2018-05-01,2018,5,Mayo,808.54626398
2018-06-01,2018,6,Junio,801.41933651
2018-07-01,2018,7,Julio,818.34900723
2018-08-01,2018,8,Agosto,860.42725609
2018-09-01,2018,9,Septiembre,745.9750295900001
2018-10-01,2018,10,Octubre,863.5213770199999
2018-11-01,2018,11,Noviembre,757.0797343500001
2018-12-01,2018,12,Diciembre,843.33568562
2019-01-01,2019,1,Enero,688.07639308
2019-02-01,2019,2,Febrero,690.4994854
2019-03-01,2019,3,Marzo,826.71372495
2019-04-01,2019,4,Abril,865.15677276
2019-05-01,2019,5,Mayo,974.46595459
2019-06-01,2019,6,Junio,882.01737847
2019-07-01,2019,7,Julio,947.82924086
2019-08-01,2019,8,Agosto,980.57046684
2019-09-01,2019,9,Septiembre,892.29349025
2019-10-01,2019,10,Octubre,999.95741522
2019-11-01,2019,11,Noviembre,819.92517225
2019-12-01,2019,12,Diciembre,940.80191642
2020-01-01,2020,1,Enero,834.61043289
2020-02-01,2020,2,Febrero,808.02535327
2020-03-01,2020,3,Marzo,746.78466477
2020-04-01,2020,4,Abril,690.7690655700001
2020-05-01,2020,5,Mayo,836.76095615
2020-06-01,2020,6,Junio,963.2990282999999
2020-07-01,2020,7,Julio,1078.7222570699998
2020-08-01,2020,8,Agosto,1050.16113598
2020-09-01,2020,9,Septiembre,1051.25483567
2020-10-01,2020,10,Octubre,1132.9594405999999
2020-11-01,2020,11,Noviembre,983.43680317
2020-12-01,2020,12,Diciembre,1163.6316211300002
2021-01-01,2021,1,Enero,906.8048476900001
2021-02-01,2021,2,Febrero,942.89661403
2021-03-01,2021,3,Marzo,1285.5602144000002
2021-04-01,2021,4,Abril,1231.6911958399999
2021-05-01,2021,5,Mayo,1236.68549555
2021-06-01,2021,6,Junio,1362.5112451500001
2021-07-01,2021,7,Julio,1354.3275808699998
2021-08-01,2021,8,Agosto,1388.5908918599998
2021-09-01,2021,9,Septiembre,1299.3249029400001
2021-10-01,2021,10,Octubre,1418.50235541
2021-11-01,2021,11,Noviembre,1356.62928068
2021-12-01,2021,12,Diciembre,1512.16059392
2022-01-01,2022,1,Enero,1180.74439983
2022-02-01,2022,2,Febrero,1262.6721521099998
2022-03-01,2022,3,Marzo,1493.1389776600001
2022-04-01,2022,4,Abril,1516.10207214
2022-05-01,2022,5,Mayo,1592.50759367
2022-06-01,2022,6,Junio,1666.2249741800001
2022-07-01,2022,7,Julio,1370.02787149
2022-08-01,2022,8,Agosto,1642.65129023
2022-09-01,2022,9,Septiembre,1597.20635805
2022-10-01,2022,10,Octubre,1622.43284905
2022-11-01,2022,11,Noviembre,1454.97992404
2022-12-01,2022,12,Diciembre,1641.63262223
2023-01-01,2023,1,Enero,1386.49193275
2023-02-01,2023,2,Febrero,1381.09421886
2023-03-01,2023,3,Marzo,1665.83255467
2023-04-01,2023,4,Abril,1551.3691643
2023-05-01,2023,5,Mayo,1811.86378899
2023-06-01,2023,6,Junio,1861.32726896
2023-07-01,2023,7,Julio,1642.85104162
2023-08-01,2023,8,Agosto,1773.35057198
2023-09-01,2023,9,Septiembre,1699.4597583299999
2023-10-01,2023,10,Octubre,1650.73471453
2023-11-01,2023,11,Noviembre,1614.58481649
2023-12-01,2023,12,Diciembre,1765.04222041
2024-01-01,2024,1,Enero,1468.02710599
2024-02-01,2024,2,Febrero,1527.94022471
2024-03-01,2024,3,Marzo,1686.6296689600001
2024-04-01,2024,4,Abril,1848.05780828
2024-05-01,2024,5,Mayo,1980.07862936
2024-06-01,2024,6,Junio,1760.62586469
2024-07-01,2024,7,Julio,1819.00469032
2024-08-01,2024,8,Agosto,2020.55174709
2024-09-01,2024,9,Septiembre,1724.07201823
2024-10-01,2024,10,Octubre,2000.41159098
2024-11-01,2024,11,Noviembre,1733.97106179
2024-12-01,2024,12,Diciembre,1940.81593345
2025-01-01,2025,1,Enero,1817.55502043
2025-02-01,2025,2,Febrero,1821.35887328
2025-03-01,2025,3,Marzo,2003.74111588
2025-04-01,2025,4,Abril,1984.60764592
2025-05-01,2025,5,Mayo,2281.07940364
2025-06-01,2025,6,Junio,2219.31234658
2025-07-01,2025,7,Julio,2366.03508893
2025-08-01,2025,8,Agosto,2368.0146486500003
2025-09-01,2025,9,Septiembre,2106.68985382
2025-10-01,2025,10,Octubre,2389.97233097
2025-11-01,2025,11,Noviembre,1930.5511611099998
2025-12-01,2025,12,Diciembre,2241.31475241
2026-01-01,2026,1,Enero,1954.7072937400026
2026-02-01,2026,2,Febrero,1893.86996263
2026-03-01,2026,3,Marzo,2441.79954669
2026-04-01,2026,4,Abril,2141.17733935
2026-05-01,2026,5,Mayo,2221.43671412
2026-06-01,2026,6,Junio,2325.5406151999996
2026-07-01,2026,7,Julio,2468.5905212899997
